{
   "dashboards": [
      {
         "adapterName": "VMware vSphere",
         "autoswitchEnabled": false,
         "columnCount": 1,
         "columnProportion": "1",
         "creationTime": 1602108087280,
         "dashboardNavigations": {"8a3a0858-7ad2-43cc-87da-6cc1cef2d190": [
            {
               "id": "90b3551f-b28b-4045-b7f8-7c1462522c8a",
               "widgets": [{
                  "id": "d670ffeb-d4f8-4503-92d3-db79fad6fd02",
                  "interactionType": "resourceId"
               }]
            },
            {
               "id": "2f8f4b00-8a38-4e47-8455-8bb3529b9179",
               "widgets": []
            },
            {
               "id": "7b19ecee-52c5-4bc9-a686-3cdf6d5beefd",
               "widgets": []
            }
         ]},
         "description": "",
         "disabled": false,
         "gridsterMaxColumns": 12,
         "hidden": true,
         "homeTab": false,
         "id": "f9362710-dd4b-40f9-a9ec-9ffef2dffb3d",
         "importAttempts": 0,
         "importComplete": true,
         "lastUpdateTime": 1604948142787,
         "lastUpdateUserId": "6df558f7-25df-4222-96b9-ade784399d19",
         "locked": false,
         "name": "Shared Dashboards (GBrandon)/Price/Chargeback (VM Price)",
         "namePath": "Shared Dashboards (GBrandon)/Price",
         "rank": 0,
         "shared": true,
         "states": [{
            "key": "permDashboardTime_dashboard_f9362710-dd4b-40f9-a9ec-9ffef2dffb3d",
            "value": "o%3AdateRange%3Ds%253Alast90Days%5EdateRangeText%3Ds%253ALast%252090%2520days"
         }],
         "temporary": false,
         "userId": "6df558f7-25df-4222-96b9-ade784399d19",
         "widgetInteractions": [
            {
               "type": "resourceId",
               "widgetIdProvider": "8a3a0858-7ad2-43cc-87da-6cc1cef2d190",
               "widgetIdReceiver": "76c01654-c9f7-42de-8a92-5ebff044ff52"
            },
            {
               "type": "resourceId",
               "widgetIdProvider": "8a3a0858-7ad2-43cc-87da-6cc1cef2d190",
               "widgetIdReceiver": "374804ba-0d31-42d2-a0fa-e7243992c8e5"
            },
            {
               "type": "resourceId",
               "widgetIdProvider": "8a3a0858-7ad2-43cc-87da-6cc1cef2d190",
               "widgetIdReceiver": "a8479274-81c1-4c7c-a297-69a9a2c3ae32"
            },
            {
               "type": "resourceId",
               "widgetIdProvider": "8a3a0858-7ad2-43cc-87da-6cc1cef2d190",
               "widgetIdReceiver": "15ccaddd-dafa-4aaf-9db3-8ea7280498ca"
            },
            {
               "type": "resourceId",
               "widgetIdProvider": "8a3a0858-7ad2-43cc-87da-6cc1cef2d190",
               "widgetIdReceiver": "9ce415b5-b279-460f-879e-2fc76cfd2271"
            },
            {
               "type": "resourceId",
               "widgetIdProvider": "15ccaddd-dafa-4aaf-9db3-8ea7280498ca",
               "widgetIdReceiver": "76c01654-c9f7-42de-8a92-5ebff044ff52"
            },
            {
               "type": "resourceId",
               "widgetIdProvider": "9ce415b5-b279-460f-879e-2fc76cfd2271",
               "widgetIdReceiver": "76c01654-c9f7-42de-8a92-5ebff044ff52"
            },
            {
               "type": "resourceId",
               "widgetIdProvider": "a8479274-81c1-4c7c-a297-69a9a2c3ae32",
               "widgetIdReceiver": "76c01654-c9f7-42de-8a92-5ebff044ff52"
            },
            {
               "type": "resourceId",
               "widgetIdProvider": "8a3a0858-7ad2-43cc-87da-6cc1cef2d190",
               "widgetIdReceiver": "db2a97e2-664d-4396-933c-ce6972c79156"
            }
         ],
         "widgets": [
            {
               "collapsed": false,
               "config": {
                  "additionalColumns": [],
                  "customFilter": {
                     "excludedResources": null,
                     "filter": [],
                     "includedResources": null
                  },
                  "depth": 1,
                  "filterMode": "tagPicker",
                  "mode": "all",
                  "refreshContent": {"refreshContent": false},
                  "refreshInterval": 300,
                  "relationshipMode": {"relationshipMode": -1},
                  "resource": [],
                  "selectFirstRow": {"selectFirstRow": true},
                  "selfProvider": {"selfProvider": true},
                  "tagFilter": {
                     "path": [
                        "/source/kind/kind:resourceKind:id:0_::_",
                        "/source/kind/kind:resourceKind:id:1_::_",
                        "/source/kind/kind:resourceKind:id:2_::_",
                        "/source/kind/kind:resourceKind:id:3_::_",
                        "/source/kind/kind:resourceKind:id:4_::_",
                        "/source/kind/kind:resourceKind:id:5_::_",
                        "/source/kind/kind:resourceKind:id:6_::_",
                        "/source/kind/kind:resourceKind:id:7_::_",
                        "/source/kind/kind:resourceKind:id:8_::_",
                        "/source/kind/kind:resourceKind:id:9_::_",
                        "/source/kind/kind:resourceKind:id:10_::_",
                        "/source/kind/kind:resourceKind:id:11_::_",
                        "/source/kind/kind:resourceKind:id:12_::_",
                        "/source/kind/kind:resourceKind:id:13_::_",
                        "/source/kind/kind:resourceKind:id:14_::_",
                        "/source/kind/kind:resourceKind:id:15_::_",
                        "/source/kind/kind:resourceKind:id:16_::_"
                     ],
                     "value": {
                        "adapterInstance": [],
                        "adapterKind": [],
                        "bus": [],
                        "collector": [],
                        "day": [],
                        "exclaim": false,
                        "healthRange": [],
                        "kind": [
                           "resourceKind:id:0_::_",
                           "resourceKind:id:1_::_",
                           "resourceKind:id:2_::_",
                           "resourceKind:id:3_::_",
                           "resourceKind:id:4_::_",
                           "resourceKind:id:5_::_",
                           "resourceKind:id:6_::_",
                           "resourceKind:id:7_::_",
                           "resourceKind:id:8_::_",
                           "resourceKind:id:9_::_",
                           "resourceKind:id:10_::_",
                           "resourceKind:id:11_::_",
                           "resourceKind:id:12_::_",
                           "resourceKind:id:13_::_",
                           "resourceKind:id:14_::_",
                           "resourceKind:id:15_::_",
                           "resourceKind:id:16_::_"
                        ],
                        "maintenanceSchedule": [],
                        "state": [],
                        "status": [],
                        "tag": [],
                        "tier": []
                     }
                  },
                  "title": "Select a Group"
               },
               "gridsterCoords": {
                  "h": 19,
                  "w": 3,
                  "x": 1,
                  "y": 1
               },
               "height": 1066,
               "id": "8a3a0858-7ad2-43cc-87da-6cc1cef2d190",
               "states": [
                  {
                     "key": "perm_toolbarVisible_widget_f9362710-dd4b-40f9-a9ec-9ffef2dffb3d_8a3a0858-7ad2-43cc-87da-6cc1cef2d190",
                     "value": "b%3A1"
                  },
                  {
                     "key": "permResGrid_widget_f9362710-dd4b-40f9-a9ec-9ffef2dffb3d_8a3a0858-7ad2-43cc-87da-6cc1cef2d190",
                     "value": "o%3Acolumns%3Da%253Ao%25253Aid%25253Ds%2525253Ah1%25255Ehidden%25253Db%2525253A1%25255Ewidth%25253Dn%2525253A100%255Eo%25253Aid%25253Ds%2525253Ah2%25255Ewidth%25253Dn%2525253A243.33334350585938%255Eo%25253Aid%25253Ds%2525253Ah3%25255Ehidden%25253Db%2525253A1%25255Ewidth%25253Dn%2525253A100%255Eo%25253Aid%25253Ds%2525253Ah5%25255Ewidth%25253Dn%2525253A244%255Eo%25253Aid%25253Ds%2525253Ah4%25255Ehidden%25253Db%2525253A1%255Eo%25253Aid%25253Ds%2525253Ah6%25255Ehidden%25253Db%2525253A1%255Eo%25253Aid%25253Ds%2525253Ah7%25255Ehidden%25253Db%2525253A1%25255Ewidth%25253Dn%2525253A100%255Eo%25253Aid%25253Ds%2525253Ah8%25255Ehidden%25253Db%2525253A1%25255Ewidth%25253Dn%2525253A100%255Eo%25253Aid%25253Ds%2525253Ah9%25255Ehidden%25253Db%2525253A1%25255Ewidth%25253Dn%2525253A100%255Eo%25253Aid%25253Ds%2525253Ah10%25255Ehidden%25253Db%2525253A1%25255Ewidth%25253Dn%2525253A100%255Eo%25253Aid%25253Ds%2525253Ah11%25255Ehidden%25253Db%2525253A1%25255Ewidth%25253Dn%2525253A100%255Eo%25253Aid%25253Ds%2525253Ah12%25255Ehidden%25253Db%2525253A1%25255Ewidth%25253Dn%2525253A100%255Eo%25253Aid%25253Ds%2525253Ah13%25255Ehidden%25253Db%2525253A1%25255Ewidth%25253Dn%2525253A100%255Eo%25253Aid%25253Ds%2525253Ah14%25255Ehidden%25253Db%2525253A1%255Eo%25253Aid%25253Ds%2525253Ah15%25255Ehidden%25253Db%2525253A1%255Eo%25253Aid%25253Ds%2525253Ah16%25255Ehidden%25253Db%2525253A1%25255Ewidth%25253Dn%2525253A100%255Eo%25253Aid%25253Ds%2525253AresourceRating%25255Ehidden%25253Db%2525253A1%255Eo%25253Aid%25253Ds%2525253Ah18%25255Ehidden%25253Db%2525253A1%25255Ewidth%25253Dn%2525253A100%255Eo%25253Aid%25253Ds%2525253Ah19%25255Ehidden%25253Db%2525253A1%25255Ewidth%25253Dn%2525253A100%255Eo%25253Aid%25253Ds%2525253Ah20%25255Ehidden%25253Db%2525253A1%25255Ewidth%25253Dn%2525253A100%255Eo%25253Aid%25253Ds%2525253Ah21%25255Ehidden%25253Db%2525253A1%25255Ewidth%25253Dn%2525253A100%255Eo%25253Aid%25253Ds%2525253Ah22%25255Ehidden%25253Db%2525253A1%25255Ewidth%25253Dn%2525253A100%255Eo%25253Aid%25253Ds%2525253Ah23%25255Ehidden%25253Db%2525253A1%25255Ewidth%25253Dn%2525253A100%255Eo%25253Aid%25253Ds%2525253Ah24%25255Ehidden%25253Db%2525253A1%25255Ewidth%25253Dn%2525253A100%255Eo%25253Aid%25253Ds%2525253Ah25%25255Ehidden%25253Db%2525253A1%25255Ewidth%25253Dn%2525253A100%255Eo%25253Aid%25253Ds%2525253Ah26%25255Ehidden%25253Db%2525253A1%25255Ewidth%25253Dn%2525253A100%255Eo%25253Aid%25253Ds%2525253Ah27%25255Ehidden%25253Db%2525253A1%25255Ewidth%25253Dn%2525253A100%255Eo%25253Aid%25253Ds%2525253Ah28%25255Ehidden%25253Db%2525253A1%25255Ewidth%25253Dn%2525253A100%255Eo%25253Aid%25253Ds%2525253Ah29%25255Ehidden%25253Db%2525253A1%25255Ewidth%25253Dn%2525253A100%255Eo%25253Aid%25253Ds%2525253Ah30%25255Ehidden%25253Db%2525253A1%25255Ewidth%25253Dn%2525253A100%255Eo%25253Aid%25253Ds%2525253Ah31%25255Ehidden%25253Db%2525253A1%25255Ewidth%25253Dn%2525253A100%255Eo%25253Aid%25253Ds%2525253Ah32%25255Ehidden%25253Db%2525253A1%25255Ewidth%25253Dn%2525253A100%255Eo%25253Aid%25253Ds%2525253Ah33%25255Ehidden%25253Db%2525253A1%25255Ewidth%25253Dn%2525253A100%255Eo%25253Aid%25253Ds%2525253Ah34%25255Ehidden%25253Db%2525253A1%25255Ewidth%25253Dn%2525253A100%255Eo%25253Aid%25253Ds%2525253Ah35%25255Ehidden%25253Db%2525253A1%25255Ewidth%25253Dn%2525253A100%255Eo%25253Aid%25253Ds%2525253Ah36%25255Ehidden%25253Db%2525253A1%25255Ewidth%25253Dn%2525253A100%255Eo%25253Aid%25253Ds%2525253Ah37%25255Ehidden%25253Db%2525253A1%25255Ewidth%25253Dn%2525253A100%255Eo%25253Aid%25253Ds%2525253Ah38%25255Ehidden%25253Db%2525253A1%25255Ewidth%25253Dn%2525253A100%255Eo%25253Aid%25253Ds%2525253Ah39%25255Ehidden%25253Db%2525253A1%25255Ewidth%25253Dn%2525253A100%255Eo%25253Aid%25253Ds%2525253Ah40%25255Ehidden%25253Db%2525253A1%25255Ewidth%25253Dn%2525253A100%255Eo%25253Aid%25253Ds%2525253Ah41%25255Ehidden%25253Db%2525253A1%25255Ewidth%25253Dn%2525253A100%255Eo%25253Aid%25253Ds%2525253Ah42%25255Ehidden%25253Db%2525253A1%25255Ewidth%25253Dn%2525253A100%255Eo%25253Aid%25253Ds%2525253Ah43%25255Ehidden%25253Db%2525253A1%25255Ewidth%25253Dn%2525253A100%255Eo%25253Aid%25253Ds%2525253Ah44%25255Ehidden%25253Db%2525253A1%25255Ewidth%25253Dn%2525253A100%255Eo%25253Aid%25253Ds%2525253Ah45%25255Ehidden%25253Db%2525253A1%25255Ewidth%25253Dn%2525253A100%255Eo%25253Aid%25253Ds%2525253Ah46%25255Ehidden%25253Db%2525253A1%25255Ewidth%25253Dn%2525253A100%255Eo%25253Aid%25253Ds%2525253Ah47%25255Ehidden%25253Db%2525253A1%25255Ewidth%25253Dn%2525253A100%5EstoreState%3Do%253Asorters%253Da%25253Ao%2525253Aroot%2525253Ds%252525253Adata%2525255Eproperty%2525253Ds%252525253AresourceKind%2525255Edirection%2525253Ds%252525253ADESC%2525255Eid%2525253Ds%252525253AresourceKind"
                  }
               ],
               "title": "Select a Group",
               "type": "ResourceList"
            },
            {
               "collapsed": false,
               "config": {
                  "chartViewItems": [],
                  "isUpdatedView": true,
                  "refreshContent": {"refreshContent": false},
                  "refreshInterval": 300,
                  "resource": null,
                  "selectFirstRow": {"selectFirstRow": false},
                  "selfProvider": {"selfProvider": false},
                  "title": "Price of VMs in Selected Object",
                  "traversalSpecId": "",
                  "viewDefinitionId": "42f3bfb5-16b8-4dea-8156-d162279b91f6"
               },
               "gridsterCoords": {
                  "h": 7,
                  "w": 9,
                  "x": 4,
                  "y": 13
               },
               "height": 382,
               "id": "76c01654-c9f7-42de-8a92-5ebff044ff52",
               "states": [
                  {
                     "key": "perm_toolbarVisible_widget_f9362710-dd4b-40f9-a9ec-9ffef2dffb3d_76c01654-c9f7-42de-8a92-5ebff044ff52",
                     "value": "b%3A1"
                  },
                  {
                     "key": "permSelectedDate_widget_f9362710-dd4b-40f9-a9ec-9ffef2dffb3d_76c01654-c9f7-42de-8a92-5ebff044ff52",
                     "value": "s%3A%7B%22minType%22%3A%22.TimeIntervalControl%22%2C%22advancedTimeMode%22%3Atrue%2C%22fromTime%22%3Anull%2C%22unit%22%3A%22MINUTES%22%2C%22count%22%3Anull%2C%22priorUnit%22%3Anull%2C%22priorCount%22%3Anull%2C%22startSubUnit%22%3A%22MONTHS%22%2C%22startPeriod%22%3A%22FIRST%22%2C%22toTime%22%3Anull%2C%22endUnit%22%3Anull%2C%22endCount%22%3Anull%2C%22endSubUnit%22%3Anull%2C%22endPeriod%22%3A%22NOW%22%7D"
                  }
               ],
               "title": "Price of VMs in Selected Object",
               "type": "View"
            },
            {
               "collapsed": false,
               "config": {
                  "chartViewItems": [],
                  "isUpdatedView": true,
                  "refreshContent": {"refreshContent": false},
                  "refreshInterval": 300,
                  "resource": null,
                  "selectFirstRow": {"selectFirstRow": false},
                  "selfProvider": {"selfProvider": false},
                  "title": "Price Summary of Selected Group",
                  "traversalSpecId": "",
                  "viewDefinitionId": "c00f1826-4652-46b8-b0aa-9658c0ff135a"
               },
               "gridsterCoords": {
                  "h": 4,
                  "w": 4,
                  "x": 4,
                  "y": 1
               },
               "height": 210,
               "id": "374804ba-0d31-42d2-a0fa-e7243992c8e5",
               "title": "Price Summary of Selected Group",
               "type": "View"
            },
            {
               "collapsed": false,
               "config": {
                  "chartViewItems": [],
                  "isUpdatedView": true,
                  "refreshContent": {"refreshContent": false},
                  "refreshInterval": 300,
                  "resource": null,
                  "selectFirstRow": {"selectFirstRow": false},
                  "selfProvider": {"selfProvider": false},
                  "title": "Idle VMs",
                  "traversalSpecId": "",
                  "viewDefinitionId": "a15e2afd-d0e2-4c57-8afa-8135bbbfc994"
               },
               "gridsterCoords": {
                  "h": 4,
                  "w": 5,
                  "x": 8,
                  "y": 5
               },
               "height": 210,
               "id": "a8479274-81c1-4c7c-a297-69a9a2c3ae32",
               "title": "Idle VMs",
               "type": "View"
            },
            {
               "collapsed": false,
               "config": {
                  "chartViewItems": [],
                  "isUpdatedView": true,
                  "refreshContent": {"refreshContent": false},
                  "refreshInterval": 300,
                  "resource": null,
                  "selectFirstRow": {"selectFirstRow": false},
                  "selfProvider": {"selfProvider": false},
                  "title": "Powered Off VMs",
                  "traversalSpecId": "",
                  "viewDefinitionId": "d187f7cd-01be-4bca-896f-c24807819977"
               },
               "gridsterCoords": {
                  "h": 4,
                  "w": 5,
                  "x": 8,
                  "y": 1
               },
               "height": 210,
               "id": "9ce415b5-b279-460f-879e-2fc76cfd2271",
               "title": "Powered Off VMs",
               "type": "View"
            },
            {
               "collapsed": false,
               "config": {
                  "chartViewItems": [],
                  "isUpdatedView": true,
                  "refreshContent": {"refreshContent": false},
                  "refreshInterval": 300,
                  "resource": null,
                  "selectFirstRow": {"selectFirstRow": false},
                  "selfProvider": {"selfProvider": false},
                  "title": "VM with Snapshots",
                  "traversalSpecId": "",
                  "viewDefinitionId": "47667be3-54f3-4448-8f63-f296e35b8e26"
               },
               "gridsterCoords": {
                  "h": 4,
                  "w": 5,
                  "x": 8,
                  "y": 9
               },
               "height": 210,
               "id": "15ccaddd-dafa-4aaf-9db3-8ea7280498ca",
               "title": "VM with Snapshots",
               "type": "View"
            },
            {
               "collapsed": false,
               "config": {
                  "chartViewItems": ["labels"],
                  "isUpdatedView": true,
                  "refreshContent": {"refreshContent": false},
                  "refreshInterval": 300,
                  "resource": null,
                  "selectFirstRow": {"selectFirstRow": false},
                  "selfProvider": {"selfProvider": false},
                  "title": "VM Price Distribution (Top 100)",
                  "traversalSpecId": "",
                  "viewDefinitionId": "1d293d56-4735-46f2-b711-454bb9efea42"
               },
               "gridsterCoords": {
                  "h": 8,
                  "w": 4,
                  "x": 4,
                  "y": 5
               },
               "height": 438,
               "id": "db2a97e2-664d-4396-933c-ce6972c79156",
               "title": "VM Price Distribution (Top 100)",
               "type": "View"
            }
         ]
      },
      {
         "adapterName": "VMware vSphere",
         "autoswitchEnabled": false,
         "columnCount": 1,
         "columnProportion": "1",
         "creationTime": 1602108087280,
         "dashboardNavigations": {"b9abcf1f-c76e-41b4-a84f-d09e8dd61ed3": [
            {
               "id": "90b3551f-b28b-4045-b7f8-7c1462522c8a",
               "widgets": [{
                  "id": "d670ffeb-d4f8-4503-92d3-db79fad6fd02",
                  "interactionType": "resourceId"
               }]
            },
            {
               "id": "f9362710-dd4b-40f9-a9ec-9ffef2dffb3d",
               "widgets": []
            },
            {
               "id": "2f8f4b00-8a38-4e47-8455-8bb3529b9179",
               "widgets": []
            }
         ]},
         "description": "",
         "disabled": false,
         "gridsterMaxColumns": 12,
         "hidden": true,
         "homeTab": false,
         "id": "7b19ecee-52c5-4bc9-a686-3cdf6d5beefd",
         "importAttempts": 0,
         "importComplete": true,
         "lastUpdateTime": 1604948053154,
         "lastUpdateUserId": "6df558f7-25df-4222-96b9-ade784399d19",
         "locked": false,
         "name": "Shared Dashboards (GBrandon)/Cost/Showback (VM Cost)",
         "namePath": "Shared Dashboards (GBrandon)/Cost",
         "rank": 0,
         "shared": true,
         "states": [{
            "key": "permDashboardTime_dashboard_7b19ecee-52c5-4bc9-a686-3cdf6d5beefd",
            "value": "o%3AdateRange%3Ds%253Alast90Days%5EdateRangeText%3Ds%253ALast%252090%2520days"
         }],
         "temporary": false,
         "userId": "6df558f7-25df-4222-96b9-ade784399d19",
         "widgetInteractions": [
            {
               "type": "resourceId",
               "widgetIdProvider": "b9abcf1f-c76e-41b4-a84f-d09e8dd61ed3",
               "widgetIdReceiver": "34d123f3-378f-4f0f-b08f-e59e7bdc9ba7"
            },
            {
               "type": "resourceId",
               "widgetIdProvider": "b9abcf1f-c76e-41b4-a84f-d09e8dd61ed3",
               "widgetIdReceiver": "fd238b74-cb3e-4a3d-b24b-6e6511822a25"
            },
            {
               "type": "resourceId",
               "widgetIdProvider": "fd238b74-cb3e-4a3d-b24b-6e6511822a25",
               "widgetIdReceiver": "fbaee67f-885a-4888-8eea-d5e0e38c5c78"
            },
            {
               "type": "resourceId",
               "widgetIdProvider": "b9abcf1f-c76e-41b4-a84f-d09e8dd61ed3",
               "widgetIdReceiver": "8b2a6e7c-d3ff-4afe-b995-8f2d2bc508d6"
            },
            {
               "type": "resourceId",
               "widgetIdProvider": "b9abcf1f-c76e-41b4-a84f-d09e8dd61ed3",
               "widgetIdReceiver": "6eeb26c9-b3b5-477a-ab8a-4bc237feb73e"
            }
         ],
         "widgets": [
            {
               "collapsed": false,
               "config": {
                  "chartViewItems": [],
                  "isUpdatedView": true,
                  "refreshContent": {"refreshContent": false},
                  "refreshInterval": 300,
                  "resource": null,
                  "selectFirstRow": {"selectFirstRow": false},
                  "selfProvider": {"selfProvider": false},
                  "title": "Cost Summary (This Month)",
                  "traversalSpecId": "",
                  "viewDefinitionId": "9cd5717c-e8ac-4c44-8509-7ddd8893c72f"
               },
               "gridsterCoords": {
                  "h": 6,
                  "w": 3,
                  "x": 4,
                  "y": 1
               },
               "height": 324,
               "id": "34d123f3-378f-4f0f-b08f-e59e7bdc9ba7",
               "title": "Cost Summary (This Month)",
               "type": "View"
            },
            {
               "collapsed": false,
               "config": {
                  "additionalColumns": [],
                  "customFilter": {
                     "excludedResources": null,
                     "filter": [],
                     "includedResources": null
                  },
                  "depth": 1,
                  "filterMode": "tagPicker",
                  "mode": "all",
                  "refreshContent": {"refreshContent": false},
                  "refreshInterval": 300,
                  "relationshipMode": {"relationshipMode": -1},
                  "resource": [],
                  "selectFirstRow": {"selectFirstRow": true},
                  "selfProvider": {"selfProvider": true},
                  "tagFilter": {
                     "path": [
                        "/source/kind/kind:resourceKind:id:8_::_",
                        "/source/kind/kind:resourceKind:id:15_::_",
                        "/source/kind/kind:resourceKind:id:16_::_",
                        "/source/kind/kind:resourceKind:id:10_::_",
                        "/source/kind/kind:resourceKind:id:6_::_",
                        "/source/kind/kind:resourceKind:id:11_::_",
                        "/source/kind/kind:resourceKind:id:4_::_",
                        "/source/kind/kind:resourceKind:id:7_::_",
                        "/source/kind/kind:resourceKind:id:13_::_",
                        "/source/kind/kind:resourceKind:id:12_::_",
                        "/source/kind/kind:resourceKind:id:2_::_",
                        "/source/kind/kind:resourceKind:id:0_::_",
                        "/source/kind/kind:resourceKind:id:1_::_",
                        "/source/kind/kind:resourceKind:id:3_::_",
                        "/source/kind/kind:resourceKind:id:5_::_",
                        "/source/kind/kind:resourceKind:id:9_::_",
                        "/source/kind/kind:resourceKind:id:14_::_"
                     ],
                     "value": {
                        "adapterInstance": [],
                        "adapterKind": [],
                        "bus": [],
                        "collector": [],
                        "day": [],
                        "exclaim": false,
                        "healthRange": [],
                        "kind": [
                           "resourceKind:id:8_::_",
                           "resourceKind:id:15_::_",
                           "resourceKind:id:16_::_",
                           "resourceKind:id:10_::_",
                           "resourceKind:id:6_::_",
                           "resourceKind:id:11_::_",
                           "resourceKind:id:4_::_",
                           "resourceKind:id:7_::_",
                           "resourceKind:id:13_::_",
                           "resourceKind:id:12_::_",
                           "resourceKind:id:2_::_",
                           "resourceKind:id:0_::_",
                           "resourceKind:id:1_::_",
                           "resourceKind:id:3_::_",
                           "resourceKind:id:5_::_",
                           "resourceKind:id:9_::_",
                           "resourceKind:id:14_::_"
                        ],
                        "maintenanceSchedule": [],
                        "state": [],
                        "status": [],
                        "tag": [],
                        "tier": []
                     }
                  },
                  "title": "Select a Group"
               },
               "gridsterCoords": {
                  "h": 13,
                  "w": 3,
                  "x": 1,
                  "y": 1
               },
               "height": 723,
               "id": "b9abcf1f-c76e-41b4-a84f-d09e8dd61ed3",
               "states": [
                  {
                     "key": "perm_toolbarVisible_widget_7b19ecee-52c5-4bc9-a686-3cdf6d5beefd_b9abcf1f-c76e-41b4-a84f-d09e8dd61ed3",
                     "value": "b%3A1"
                  },
                  {
                     "key": "permResGrid_widget_7b19ecee-52c5-4bc9-a686-3cdf6d5beefd_b9abcf1f-c76e-41b4-a84f-d09e8dd61ed3",
                     "value": "o%3Acolumns%3Da%253Ao%25253Aid%25253Ds%2525253Ah1%25255Ehidden%25253Db%2525253A1%25255Ewidth%25253Dn%2525253A100%255Eo%25253Aid%25253Ds%2525253Ah2%25255Ewidth%25253Dn%2525253A243.33334350585938%255Eo%25253Aid%25253Ds%2525253Ah3%25255Ehidden%25253Db%2525253A1%25255Ewidth%25253Dn%2525253A100%255Eo%25253Aid%25253Ds%2525253Ah5%25255Ewidth%25253Dn%2525253A244%255Eo%25253Aid%25253Ds%2525253Ah4%25255Ehidden%25253Db%2525253A1%255Eo%25253Aid%25253Ds%2525253Ah6%25255Ehidden%25253Db%2525253A1%255Eo%25253Aid%25253Ds%2525253Ah7%25255Ehidden%25253Db%2525253A1%25255Ewidth%25253Dn%2525253A100%255Eo%25253Aid%25253Ds%2525253Ah8%25255Ehidden%25253Db%2525253A1%25255Ewidth%25253Dn%2525253A100%255Eo%25253Aid%25253Ds%2525253Ah9%25255Ehidden%25253Db%2525253A1%25255Ewidth%25253Dn%2525253A100%255Eo%25253Aid%25253Ds%2525253Ah10%25255Ehidden%25253Db%2525253A1%25255Ewidth%25253Dn%2525253A100%255Eo%25253Aid%25253Ds%2525253Ah11%25255Ehidden%25253Db%2525253A1%25255Ewidth%25253Dn%2525253A100%255Eo%25253Aid%25253Ds%2525253Ah12%25255Ehidden%25253Db%2525253A1%25255Ewidth%25253Dn%2525253A100%255Eo%25253Aid%25253Ds%2525253Ah13%25255Ehidden%25253Db%2525253A1%25255Ewidth%25253Dn%2525253A100%255Eo%25253Aid%25253Ds%2525253Ah14%25255Ehidden%25253Db%2525253A1%255Eo%25253Aid%25253Ds%2525253Ah15%25255Ehidden%25253Db%2525253A1%255Eo%25253Aid%25253Ds%2525253Ah16%25255Ehidden%25253Db%2525253A1%25255Ewidth%25253Dn%2525253A100%255Eo%25253Aid%25253Ds%2525253AresourceRating%25255Ehidden%25253Db%2525253A1%255Eo%25253Aid%25253Ds%2525253Ah18%25255Ehidden%25253Db%2525253A1%25255Ewidth%25253Dn%2525253A100%255Eo%25253Aid%25253Ds%2525253Ah19%25255Ehidden%25253Db%2525253A1%25255Ewidth%25253Dn%2525253A100%255Eo%25253Aid%25253Ds%2525253Ah20%25255Ehidden%25253Db%2525253A1%25255Ewidth%25253Dn%2525253A100%255Eo%25253Aid%25253Ds%2525253Ah21%25255Ehidden%25253Db%2525253A1%25255Ewidth%25253Dn%2525253A100%255Eo%25253Aid%25253Ds%2525253Ah22%25255Ehidden%25253Db%2525253A1%25255Ewidth%25253Dn%2525253A100%255Eo%25253Aid%25253Ds%2525253Ah23%25255Ehidden%25253Db%2525253A1%25255Ewidth%25253Dn%2525253A100%255Eo%25253Aid%25253Ds%2525253Ah24%25255Ehidden%25253Db%2525253A1%25255Ewidth%25253Dn%2525253A100%255Eo%25253Aid%25253Ds%2525253Ah25%25255Ehidden%25253Db%2525253A1%25255Ewidth%25253Dn%2525253A100%255Eo%25253Aid%25253Ds%2525253Ah26%25255Ehidden%25253Db%2525253A1%25255Ewidth%25253Dn%2525253A100%255Eo%25253Aid%25253Ds%2525253Ah27%25255Ehidden%25253Db%2525253A1%25255Ewidth%25253Dn%2525253A100%255Eo%25253Aid%25253Ds%2525253Ah28%25255Ehidden%25253Db%2525253A1%25255Ewidth%25253Dn%2525253A100%255Eo%25253Aid%25253Ds%2525253Ah29%25255Ehidden%25253Db%2525253A1%25255Ewidth%25253Dn%2525253A100%255Eo%25253Aid%25253Ds%2525253Ah30%25255Ehidden%25253Db%2525253A1%25255Ewidth%25253Dn%2525253A100%255Eo%25253Aid%25253Ds%2525253Ah31%25255Ehidden%25253Db%2525253A1%25255Ewidth%25253Dn%2525253A100%255Eo%25253Aid%25253Ds%2525253Ah32%25255Ehidden%25253Db%2525253A1%25255Ewidth%25253Dn%2525253A100%255Eo%25253Aid%25253Ds%2525253Ah33%25255Ehidden%25253Db%2525253A1%25255Ewidth%25253Dn%2525253A100%255Eo%25253Aid%25253Ds%2525253Ah34%25255Ehidden%25253Db%2525253A1%25255Ewidth%25253Dn%2525253A100%255Eo%25253Aid%25253Ds%2525253Ah35%25255Ehidden%25253Db%2525253A1%25255Ewidth%25253Dn%2525253A100%255Eo%25253Aid%25253Ds%2525253Ah36%25255Ehidden%25253Db%2525253A1%25255Ewidth%25253Dn%2525253A100%255Eo%25253Aid%25253Ds%2525253Ah37%25255Ehidden%25253Db%2525253A1%25255Ewidth%25253Dn%2525253A100%255Eo%25253Aid%25253Ds%2525253Ah38%25255Ehidden%25253Db%2525253A1%25255Ewidth%25253Dn%2525253A100%255Eo%25253Aid%25253Ds%2525253Ah39%25255Ehidden%25253Db%2525253A1%25255Ewidth%25253Dn%2525253A100%255Eo%25253Aid%25253Ds%2525253Ah40%25255Ehidden%25253Db%2525253A1%25255Ewidth%25253Dn%2525253A100%255Eo%25253Aid%25253Ds%2525253Ah41%25255Ehidden%25253Db%2525253A1%25255Ewidth%25253Dn%2525253A100%255Eo%25253Aid%25253Ds%2525253Ah42%25255Ehidden%25253Db%2525253A1%25255Ewidth%25253Dn%2525253A100%255Eo%25253Aid%25253Ds%2525253Ah43%25255Ehidden%25253Db%2525253A1%25255Ewidth%25253Dn%2525253A100%255Eo%25253Aid%25253Ds%2525253Ah44%25255Ehidden%25253Db%2525253A1%25255Ewidth%25253Dn%2525253A100%255Eo%25253Aid%25253Ds%2525253Ah45%25255Ehidden%25253Db%2525253A1%25255Ewidth%25253Dn%2525253A100%255Eo%25253Aid%25253Ds%2525253Ah46%25255Ehidden%25253Db%2525253A1%25255Ewidth%25253Dn%2525253A100%255Eo%25253Aid%25253Ds%2525253Ah47%25255Ehidden%25253Db%2525253A1%25255Ewidth%25253Dn%2525253A100%5EstoreState%3Do%253Asorters%253Da%25253Ao%2525253Aroot%2525253Ds%252525253Adata%2525255Eproperty%2525253Ds%252525253AresourceKind%2525255Edirection%2525253Ds%252525253ADESC%2525255Eid%2525253Ds%252525253AresourceKind"
                  }
               ],
               "title": "Select a Group",
               "type": "ResourceList"
            },
            {
               "collapsed": true,
               "config": {
                  "chartViewItems": ["legend"],
                  "isUpdatedView": true,
                  "refreshContent": {"refreshContent": false},
                  "refreshInterval": 300,
                  "resource": null,
                  "selectFirstRow": {"selectFirstRow": false},
                  "selfProvider": {"selfProvider": false},
                  "title": "Cost Trend of Selected VM",
                  "traversalSpecId": "",
                  "viewDefinitionId": "5fbf344c-567a-4179-83b3-f281582c3ccd"
               },
               "gridsterCoords": {
                  "h": 1,
                  "w": 9,
                  "x": 4,
                  "y": 13
               },
               "height": 324,
               "id": "fbaee67f-885a-4888-8eea-d5e0e38c5c78",
               "states": [{
                  "key": "perm_toolbarVisible_widget_7b19ecee-52c5-4bc9-a686-3cdf6d5beefd_fbaee67f-885a-4888-8eea-d5e0e38c5c78",
                  "value": "b%3A0"
               }],
               "title": "Cost Trend of Selected VM",
               "type": "View"
            },
            {
               "collapsed": false,
               "config": {
                  "chartViewItems": [],
                  "isUpdatedView": true,
                  "refreshContent": {"refreshContent": false},
                  "refreshInterval": 300,
                  "resource": null,
                  "selectFirstRow": {"selectFirstRow": true},
                  "selfProvider": {"selfProvider": false},
                  "title": "Members of the Group (Select to View Trend)",
                  "traversalSpecId": "",
                  "viewDefinitionId": "d3d513b7-ba43-4fda-8c53-6d8101124350"
               },
               "gridsterCoords": {
                  "h": 6,
                  "w": 9,
                  "x": 4,
                  "y": 7
               },
               "height": 324,
               "id": "fd238b74-cb3e-4a3d-b24b-6e6511822a25",
               "states": [
                  {
                     "key": "permPageSize_widget_7b19ecee-52c5-4bc9-a686-3cdf6d5beefd_fd238b74-cb3e-4a3d-b24b-6e6511822a25",
                     "value": "n%3A50"
                  },
                  {
                     "key": "perm_toolbarVisible_widget_7b19ecee-52c5-4bc9-a686-3cdf6d5beefd_fd238b74-cb3e-4a3d-b24b-6e6511822a25",
                     "value": "b%3A1"
                  },
                  {
                     "key": "permSelectedDate_widget_7b19ecee-52c5-4bc9-a686-3cdf6d5beefd_fd238b74-cb3e-4a3d-b24b-6e6511822a25",
                     "value": "s%3A%7B%22minType%22%3A%22.TimeIntervalControl%22%2C%22advancedTimeMode%22%3Afalse%2C%22fromTime%22%3Anull%2C%22unit%22%3A%22DAYS%22%2C%22count%22%3A7%2C%22priorUnit%22%3Anull%2C%22priorCount%22%3Anull%2C%22startSubUnit%22%3Anull%2C%22startPeriod%22%3Anull%2C%22toTime%22%3Anull%2C%22endUnit%22%3Anull%2C%22endCount%22%3Anull%2C%22endSubUnit%22%3Anull%2C%22endPeriod%22%3Anull%7D"
                  }
               ],
               "title": "Members of the Group (Select to View Trend)",
               "type": "View"
            },
            {
               "collapsed": false,
               "config": {
                  "chartViewItems": ["labels"],
                  "isUpdatedView": true,
                  "refreshContent": {"refreshContent": false},
                  "refreshInterval": 300,
                  "resource": null,
                  "selectFirstRow": {"selectFirstRow": false},
                  "selfProvider": {"selfProvider": false},
                  "title": "Potential Savings (Top 20)",
                  "traversalSpecId": "",
                  "viewDefinitionId": "6a431c9b-ce07-4f77-8186-d42d464e5851"
               },
               "gridsterCoords": {
                  "h": 6,
                  "w": 3,
                  "x": 10,
                  "y": 1
               },
               "height": 324,
               "id": "8b2a6e7c-d3ff-4afe-b995-8f2d2bc508d6",
               "title": "Potential Savings (Top 20)",
               "type": "View"
            },
            {
               "collapsed": false,
               "config": {
                  "chartViewItems": ["labels"],
                  "isUpdatedView": true,
                  "refreshContent": {"refreshContent": false},
                  "refreshInterval": 300,
                  "resource": null,
                  "selectFirstRow": {"selectFirstRow": false},
                  "selfProvider": {"selfProvider": false},
                  "title": "VM Cost Distribution (Top 100)",
                  "traversalSpecId": "",
                  "viewDefinitionId": "4819e5b6-28f0-4df1-a865-269acbe3323f"
               },
               "gridsterCoords": {
                  "h": 6,
                  "w": 3,
                  "x": 7,
                  "y": 1
               },
               "height": 324,
               "id": "6eeb26c9-b3b5-477a-ab8a-4bc237feb73e",
               "title": "VM Cost Distribution (Top 100)",
               "type": "View"
            }
         ]
      },
      {
         "adapterName": "VMware vSphere",
         "autoswitchEnabled": false,
         "columnCount": 1,
         "columnProportion": "1",
         "creationTime": 1604933854203,
         "dashboardNavigations": {"73f3582b-93ff-47c8-b681-16c18a184b30": [
            {
               "id": "90b3551f-b28b-4045-b7f8-7c1462522c8a",
               "widgets": [{
                  "id": "d670ffeb-d4f8-4503-92d3-db79fad6fd02",
                  "interactionType": "resourceId"
               }]
            },
            {
               "id": "f9362710-dd4b-40f9-a9ec-9ffef2dffb3d",
               "widgets": []
            },
            {
               "id": "2f8f4b00-8a38-4e47-8455-8bb3529b9179",
               "widgets": []
            }
         ]},
         "description": "",
         "disabled": false,
         "gridsterMaxColumns": 12,
         "hidden": true,
         "homeTab": false,
         "id": "52cec61d-5fbc-438f-8a9d-dc07914d6554",
         "importAttempts": 0,
         "importComplete": true,
         "lastUpdateTime": 1605056206564,
         "lastUpdateUserId": "6df558f7-25df-4222-96b9-ade784399d19",
         "locked": false,
         "name": "Shared Dashboards (GBrandon)/Cost/Showback (vSphere Pod Cost)",
         "namePath": "Shared Dashboards (GBrandon)/Cost",
         "rank": 0,
         "shared": true,
         "states": [{
            "key": "permDashboardTime_dashboard_52cec61d-5fbc-438f-8a9d-dc07914d6554",
            "value": "o%3AdateRange%3Ds%253Alast90Days%5EdateRangeText%3Ds%253ALast%252090%2520days"
         }],
         "temporary": false,
         "userId": "6df558f7-25df-4222-96b9-ade784399d19",
         "widgetInteractions": [
            {
               "type": "resourceId",
               "widgetIdProvider": "73f3582b-93ff-47c8-b681-16c18a184b30",
               "widgetIdReceiver": "3efb9152-199e-4510-bc74-5c7de457b4dc"
            },
            {
               "type": "resourceId",
               "widgetIdProvider": "73f3582b-93ff-47c8-b681-16c18a184b30",
               "widgetIdReceiver": "6ba8a548-b698-43f3-bf4f-c43d3cc0d515"
            },
            {
               "type": "resourceId",
               "widgetIdProvider": "6ba8a548-b698-43f3-bf4f-c43d3cc0d515",
               "widgetIdReceiver": "507ca247-6811-4545-87a7-dd02b7d998a3"
            },
            {
               "type": "resourceId",
               "widgetIdProvider": "73f3582b-93ff-47c8-b681-16c18a184b30",
               "widgetIdReceiver": "63fbf66d-39bd-49f1-b651-a2d8aaee6ba3"
            },
            {
               "type": "resourceId",
               "widgetIdProvider": "73f3582b-93ff-47c8-b681-16c18a184b30",
               "widgetIdReceiver": "d75d6fc1-0997-4fe6-9910-2fa6092d80db"
            }
         ],
         "widgets": [
            {
               "collapsed": false,
               "config": {
                  "chartViewItems": [],
                  "isUpdatedView": true,
                  "refreshContent": {"refreshContent": false},
                  "refreshInterval": 300,
                  "resource": null,
                  "selectFirstRow": {"selectFirstRow": false},
                  "selfProvider": {"selfProvider": false},
                  "title": "Cost Summary (This Month)",
                  "traversalSpecId": "",
                  "viewDefinitionId": "95ea9087-9428-47cb-934e-d19c2fee28a0"
               },
               "gridsterCoords": {
                  "h": 6,
                  "w": 3,
                  "x": 4,
                  "y": 1
               },
               "height": 324,
               "id": "3efb9152-199e-4510-bc74-5c7de457b4dc",
               "title": "Cost Summary (This Month)",
               "type": "View"
            },
            {
               "collapsed": false,
               "config": {
                  "additionalColumns": [],
                  "customFilter": {
                     "excludedResources": null,
                     "filter": [
                        {
                           "filterTypes": [{
                              "condition": "EQUALS",
                              "filterType": "properties",
                              "metricKey": "configuration|wpConfiguration|wpEnabled",
                              "metricValue": {
                                 "isStringMetric": true,
                                 "value": "true"
                              }
                           }],
                           "resourceKind": "002006VMWAREClusterComputeResource"
                        },
                        {
                           "filterTypes": [{
                              "condition": "GREATER_THAN",
                              "filterType": "metrics",
                              "metricKey": "summary|numberSupervisorClusters",
                              "metricValue": {
                                 "isStringMetric": false,
                                 "value": 0
                              }
                           }],
                           "resourceKind": "002006VMWAREVMwareAdapter Instance"
                        },
                        {
                           "filterTypes": [{
                              "condition": "GREATER_THAN",
                              "filterType": "metrics",
                              "metricKey": "summary|numberSupervisorClusters",
                              "metricValue": {
                                 "isStringMetric": false,
                                 "value": 0
                              }
                           }],
                           "resourceKind": "002006VMWAREDatacenter"
                        }
                     ],
                     "includedResources": null
                  },
                  "depth": 1,
                  "filterMode": "customFilter",
                  "mode": "all",
                  "refreshContent": {"refreshContent": false},
                  "refreshInterval": 300,
                  "relationshipMode": {"relationshipMode": -1},
                  "resource": [],
                  "selectFirstRow": {"selectFirstRow": true},
                  "selfProvider": {"selfProvider": true},
                  "tagFilter": {
                     "path": [
                        "/source/kind/kind:resourceKind:id:5_::_",
                        "/source/kind/kind:resourceKind:id:7_::_",
                        "/source/kind/kind:resourceKind:id:13_::_",
                        "/source/kind/kind:resourceKind:id:1_::_",
                        "/source/kind/kind:resourceKind:id:3_::_",
                        "/source/kind/kind:resourceKind:id:15_::_",
                        "/source/kind/kind:resourceKind:id:17_::_",
                        "/source/kind/kind:resourceKind:id:18_::_",
                        "/source/kind/kind:resourceKind:id:16_::_",
                        "/source/kind/kind:resourceKind:id:10_::_",
                        "/source/kind/kind:resourceKind:id:8_::_",
                        "/source/kind/kind:resourceKind:id:9_::_"
                     ],
                     "value": {
                        "adapterInstance": [],
                        "adapterKind": [],
                        "bus": [],
                        "collector": [],
                        "day": [],
                        "exclaim": false,
                        "healthRange": [],
                        "kind": [
                           "resourceKind:id:5_::_",
                           "resourceKind:id:7_::_",
                           "resourceKind:id:13_::_",
                           "resourceKind:id:1_::_",
                           "resourceKind:id:3_::_",
                           "resourceKind:id:15_::_",
                           "resourceKind:id:17_::_",
                           "resourceKind:id:18_::_",
                           "resourceKind:id:16_::_",
                           "resourceKind:id:10_::_",
                           "resourceKind:id:8_::_",
                           "resourceKind:id:9_::_"
                        ],
                        "maintenanceSchedule": [],
                        "state": [],
                        "status": [],
                        "tag": [],
                        "tier": []
                     }
                  },
                  "title": "Select a Group"
               },
               "gridsterCoords": {
                  "h": 13,
                  "w": 3,
                  "x": 1,
                  "y": 1
               },
               "height": 723,
               "id": "73f3582b-93ff-47c8-b681-16c18a184b30",
               "states": [
                  {
                     "key": "permResGrid_widget_52cec61d-5fbc-438f-8a9d-dc07914d6554_73f3582b-93ff-47c8-b681-16c18a184b30",
                     "value": "o%3Acolumns%3Da%253Ao%25253Aid%25253Ds%2525253Ah1%25255Ehidden%25253Db%2525253A1%25255Ewidth%25253Dn%2525253A100%255Eo%25253Aid%25253Ds%2525253Ah2%25255Ewidth%25253Dn%2525253A243.33334350585938%255Eo%25253Aid%25253Ds%2525253Ah3%25255Ehidden%25253Db%2525253A1%25255Ewidth%25253Dn%2525253A100%255Eo%25253Aid%25253Ds%2525253Ah5%25255Ewidth%25253Dn%2525253A244%255Eo%25253Aid%25253Ds%2525253Ah4%25255Ehidden%25253Db%2525253A1%255Eo%25253Aid%25253Ds%2525253Ah6%25255Ehidden%25253Db%2525253A1%255Eo%25253Aid%25253Ds%2525253Ah7%25255Ehidden%25253Db%2525253A1%25255Ewidth%25253Dn%2525253A100%255Eo%25253Aid%25253Ds%2525253Ah8%25255Ehidden%25253Db%2525253A1%25255Ewidth%25253Dn%2525253A100%255Eo%25253Aid%25253Ds%2525253Ah9%25255Ehidden%25253Db%2525253A1%25255Ewidth%25253Dn%2525253A100%255Eo%25253Aid%25253Ds%2525253Ah10%25255Ehidden%25253Db%2525253A1%25255Ewidth%25253Dn%2525253A100%255Eo%25253Aid%25253Ds%2525253Ah11%25255Ehidden%25253Db%2525253A1%25255Ewidth%25253Dn%2525253A100%255Eo%25253Aid%25253Ds%2525253Ah12%25255Ehidden%25253Db%2525253A1%25255Ewidth%25253Dn%2525253A100%255Eo%25253Aid%25253Ds%2525253Ah13%25255Ehidden%25253Db%2525253A1%25255Ewidth%25253Dn%2525253A100%255Eo%25253Aid%25253Ds%2525253Ah14%25255Ehidden%25253Db%2525253A1%255Eo%25253Aid%25253Ds%2525253Ah15%25255Ehidden%25253Db%2525253A1%255Eo%25253Aid%25253Ds%2525253Ah16%25255Ehidden%25253Db%2525253A1%25255Ewidth%25253Dn%2525253A100%255Eo%25253Aid%25253Ds%2525253AresourceRating%25255Ehidden%25253Db%2525253A1%255Eo%25253Aid%25253Ds%2525253Ah18%25255Ehidden%25253Db%2525253A1%25255Ewidth%25253Dn%2525253A100%255Eo%25253Aid%25253Ds%2525253Ah19%25255Ehidden%25253Db%2525253A1%25255Ewidth%25253Dn%2525253A100%255Eo%25253Aid%25253Ds%2525253Ah20%25255Ehidden%25253Db%2525253A1%25255Ewidth%25253Dn%2525253A100%255Eo%25253Aid%25253Ds%2525253Ah21%25255Ehidden%25253Db%2525253A1%25255Ewidth%25253Dn%2525253A100%255Eo%25253Aid%25253Ds%2525253Ah22%25255Ehidden%25253Db%2525253A1%25255Ewidth%25253Dn%2525253A100%255Eo%25253Aid%25253Ds%2525253Ah23%25255Ehidden%25253Db%2525253A1%25255Ewidth%25253Dn%2525253A100%255Eo%25253Aid%25253Ds%2525253Ah24%25255Ehidden%25253Db%2525253A1%25255Ewidth%25253Dn%2525253A100%255Eo%25253Aid%25253Ds%2525253Ah25%25255Ehidden%25253Db%2525253A1%25255Ewidth%25253Dn%2525253A100%255Eo%25253Aid%25253Ds%2525253Ah26%25255Ehidden%25253Db%2525253A1%25255Ewidth%25253Dn%2525253A100%255Eo%25253Aid%25253Ds%2525253Ah27%25255Ehidden%25253Db%2525253A1%25255Ewidth%25253Dn%2525253A100%255Eo%25253Aid%25253Ds%2525253Ah28%25255Ehidden%25253Db%2525253A1%25255Ewidth%25253Dn%2525253A100%255Eo%25253Aid%25253Ds%2525253Ah29%25255Ehidden%25253Db%2525253A1%25255Ewidth%25253Dn%2525253A100%255Eo%25253Aid%25253Ds%2525253Ah30%25255Ehidden%25253Db%2525253A1%25255Ewidth%25253Dn%2525253A100%255Eo%25253Aid%25253Ds%2525253Ah31%25255Ehidden%25253Db%2525253A1%25255Ewidth%25253Dn%2525253A100%255Eo%25253Aid%25253Ds%2525253Ah32%25255Ehidden%25253Db%2525253A1%25255Ewidth%25253Dn%2525253A100%255Eo%25253Aid%25253Ds%2525253Ah33%25255Ehidden%25253Db%2525253A1%25255Ewidth%25253Dn%2525253A100%255Eo%25253Aid%25253Ds%2525253Ah34%25255Ehidden%25253Db%2525253A1%25255Ewidth%25253Dn%2525253A100%255Eo%25253Aid%25253Ds%2525253Ah35%25255Ehidden%25253Db%2525253A1%25255Ewidth%25253Dn%2525253A100%255Eo%25253Aid%25253Ds%2525253Ah36%25255Ehidden%25253Db%2525253A1%25255Ewidth%25253Dn%2525253A100%255Eo%25253Aid%25253Ds%2525253Ah37%25255Ehidden%25253Db%2525253A1%25255Ewidth%25253Dn%2525253A100%255Eo%25253Aid%25253Ds%2525253Ah38%25255Ehidden%25253Db%2525253A1%25255Ewidth%25253Dn%2525253A100%255Eo%25253Aid%25253Ds%2525253Ah39%25255Ehidden%25253Db%2525253A1%25255Ewidth%25253Dn%2525253A100%255Eo%25253Aid%25253Ds%2525253Ah40%25255Ehidden%25253Db%2525253A1%25255Ewidth%25253Dn%2525253A100%255Eo%25253Aid%25253Ds%2525253Ah41%25255Ehidden%25253Db%2525253A1%25255Ewidth%25253Dn%2525253A100%255Eo%25253Aid%25253Ds%2525253Ah42%25255Ehidden%25253Db%2525253A1%25255Ewidth%25253Dn%2525253A100%255Eo%25253Aid%25253Ds%2525253Ah43%25255Ehidden%25253Db%2525253A1%25255Ewidth%25253Dn%2525253A100%255Eo%25253Aid%25253Ds%2525253Ah44%25255Ehidden%25253Db%2525253A1%25255Ewidth%25253Dn%2525253A100%255Eo%25253Aid%25253Ds%2525253Ah45%25255Ehidden%25253Db%2525253A1%25255Ewidth%25253Dn%2525253A100%255Eo%25253Aid%25253Ds%2525253Ah46%25255Ehidden%25253Db%2525253A1%25255Ewidth%25253Dn%2525253A100%255Eo%25253Aid%25253Ds%2525253Ah47%25255Ehidden%25253Db%2525253A1%25255Ewidth%25253Dn%2525253A100%5EstoreState%3Do%253Asorters%253Da%25253Ao%2525253Aroot%2525253Ds%252525253Adata%2525255Eproperty%2525253Ds%252525253AresourceKind%2525255Edirection%2525253Ds%252525253ADESC%2525255Eid%2525253Ds%252525253AresourceKind"
                  },
                  {
                     "key": "perm_toolbarVisible_widget_52cec61d-5fbc-438f-8a9d-dc07914d6554_73f3582b-93ff-47c8-b681-16c18a184b30",
                     "value": "b%3A1"
                  }
               ],
               "title": "Select a Group",
               "type": "ResourceList"
            },
            {
               "collapsed": true,
               "config": {
                  "chartViewItems": ["legend"],
                  "isUpdatedView": true,
                  "refreshContent": {"refreshContent": false},
                  "refreshInterval": 300,
                  "resource": null,
                  "selectFirstRow": {"selectFirstRow": false},
                  "selfProvider": {"selfProvider": false},
                  "title": "Cost Trend of Selected vSphere Pod",
                  "traversalSpecId": "",
                  "viewDefinitionId": "0eceb877-2676-4e1c-a5be-4379c9e808b9"
               },
               "gridsterCoords": {
                  "h": 1,
                  "w": 9,
                  "x": 4,
                  "y": 13
               },
               "height": 324,
               "id": "507ca247-6811-4545-87a7-dd02b7d998a3",
               "states": [{
                  "key": "perm_toolbarVisible_widget_52cec61d-5fbc-438f-8a9d-dc07914d6554_507ca247-6811-4545-87a7-dd02b7d998a3",
                  "value": "b%3A0"
               }],
               "title": "Cost Trend of Selected vSphere Pod",
               "type": "View"
            },
            {
               "collapsed": false,
               "config": {
                  "chartViewItems": [],
                  "isUpdatedView": true,
                  "refreshContent": {"refreshContent": false},
                  "refreshInterval": 300,
                  "resource": null,
                  "selectFirstRow": {"selectFirstRow": true},
                  "selfProvider": {"selfProvider": false},
                  "title": "Members of the Group (Select to View Trend)",
                  "traversalSpecId": "",
                  "viewDefinitionId": "0d19f5c6-beaf-4250-8bc1-5397bd54d97b"
               },
               "gridsterCoords": {
                  "h": 6,
                  "w": 9,
                  "x": 4,
                  "y": 7
               },
               "height": 324,
               "id": "6ba8a548-b698-43f3-bf4f-c43d3cc0d515",
               "states": [
                  {
                     "key": "permSelectedDate_widget_52cec61d-5fbc-438f-8a9d-dc07914d6554_6ba8a548-b698-43f3-bf4f-c43d3cc0d515",
                     "value": "s%3A%7B%22minType%22%3A%22.TimeIntervalControl%22%2C%22advancedTimeMode%22%3Afalse%2C%22fromTime%22%3Anull%2C%22unit%22%3A%22DAYS%22%2C%22count%22%3A7%2C%22priorUnit%22%3Anull%2C%22priorCount%22%3Anull%2C%22startSubUnit%22%3Anull%2C%22startPeriod%22%3Anull%2C%22toTime%22%3Anull%2C%22endUnit%22%3Anull%2C%22endCount%22%3Anull%2C%22endSubUnit%22%3Anull%2C%22endPeriod%22%3Anull%7D"
                  },
                  {
                     "key": "perm_toolbarVisible_widget_52cec61d-5fbc-438f-8a9d-dc07914d6554_6ba8a548-b698-43f3-bf4f-c43d3cc0d515",
                     "value": "b%3A1"
                  }
               ],
               "title": "Members of the Group (Select to View Trend)",
               "type": "View"
            },
            {
               "collapsed": false,
               "config": {
                  "chartViewItems": [],
                  "isUpdatedView": true,
                  "refreshContent": {"refreshContent": false},
                  "refreshInterval": 300,
                  "resource": null,
                  "selectFirstRow": {"selectFirstRow": false},
                  "selfProvider": {"selfProvider": false},
                  "title": "vSphere Pod Cost Distribution (Top 100)",
                  "traversalSpecId": "",
                  "viewDefinitionId": "eb061544-04f5-46b0-ba3b-635996f2bec3"
               },
               "gridsterCoords": {
                  "h": 6,
                  "w": 3,
                  "x": 7,
                  "y": 1
               },
               "height": 324,
               "id": "63fbf66d-39bd-49f1-b651-a2d8aaee6ba3",
               "title": "vSphere Pod Cost Distribution (Top 100)",
               "type": "View"
            },
            {
               "collapsed": false,
               "config": {
                  "chartViewItems": [],
                  "isUpdatedView": true,
                  "refreshContent": {"refreshContent": false},
                  "refreshInterval": 300,
                  "resource": null,
                  "selectFirstRow": {"selectFirstRow": false},
                  "selfProvider": {"selfProvider": false},
                  "title": "Idle vSphere Pods",
                  "traversalSpecId": "",
                  "viewDefinitionId": "8ba95ac2-b8c1-47f0-ae41-a028a8e28344"
               },
               "gridsterCoords": {
                  "h": 6,
                  "w": 3,
                  "x": 10,
                  "y": 1
               },
               "height": 324,
               "id": "d75d6fc1-0997-4fe6-9910-2fa6092d80db",
               "title": "Idle vSphere Pods",
               "type": "View"
            }
         ]
      },
      {
         "adapterName": "VMware vSphere",
         "autoswitchEnabled": false,
         "columnCount": 1,
         "columnProportion": "1",
         "creationTime": 1602108087280,
         "dashboardNavigations": {"2f87e298-759d-4eda-8daf-13f4223b18cf": [
            {
               "id": "90b3551f-b28b-4045-b7f8-7c1462522c8a",
               "widgets": [{
                  "id": "d670ffeb-d4f8-4503-92d3-db79fad6fd02",
                  "interactionType": "resourceId"
               }]
            },
            {
               "id": "f9362710-dd4b-40f9-a9ec-9ffef2dffb3d",
               "widgets": []
            },
            {
               "id": "7b19ecee-52c5-4bc9-a686-3cdf6d5beefd",
               "widgets": []
            }
         ]},
         "description": "",
         "disabled": false,
         "gridsterMaxColumns": 12,
         "hidden": true,
         "homeTab": false,
         "id": "2f8f4b00-8a38-4e47-8455-8bb3529b9179",
         "importAttempts": 0,
         "importComplete": true,
         "lastUpdateTime": 1604948175402,
         "lastUpdateUserId": "6df558f7-25df-4222-96b9-ade784399d19",
         "locked": false,
         "name": "Shared Dashboards (GBrandon)/Cost/VM Cost vs. Price",
         "namePath": "Shared Dashboards (GBrandon)/Cost",
         "rank": 0,
         "shared": true,
         "states": [{
            "key": "permDashboardTime_dashboard_2f8f4b00-8a38-4e47-8455-8bb3529b9179",
            "value": "o%3AdateRange%3Ds%253Alast7Days%5EdateRangeText%3Ds%253A7D"
         }],
         "temporary": false,
         "userId": "6df558f7-25df-4222-96b9-ade784399d19",
         "widgetInteractions": [
            {
               "type": "resourceId",
               "widgetIdProvider": "2f87e298-759d-4eda-8daf-13f4223b18cf",
               "widgetIdReceiver": "1e2f7977-3279-493d-af33-703155766016"
            },
            {
               "type": "resourceId",
               "widgetIdProvider": "2f87e298-759d-4eda-8daf-13f4223b18cf",
               "widgetIdReceiver": "d6e9a087-afb7-4d32-b146-eca8313dd4e3"
            },
            {
               "type": "resourceId",
               "widgetIdProvider": "d6e9a087-afb7-4d32-b146-eca8313dd4e3",
               "widgetIdReceiver": "776b9b3b-a76d-4f5e-ae20-abc8f1e2c617"
            }
         ],
         "widgets": [
            {
               "collapsed": false,
               "config": {
                  "chartViewItems": [],
                  "isUpdatedView": true,
                  "refreshContent": {"refreshContent": false},
                  "refreshInterval": 300,
                  "resource": null,
                  "selectFirstRow": {"selectFirstRow": false},
                  "selfProvider": {"selfProvider": false},
                  "title": "Summary (Month to Date)",
                  "traversalSpecId": "",
                  "viewDefinitionId": "64e9fc32-44e7-4304-8874-c35c70169c52"
               },
               "gridsterCoords": {
                  "h": 6,
                  "w": 3,
                  "x": 4,
                  "y": 1
               },
               "height": 324,
               "id": "1e2f7977-3279-493d-af33-703155766016",
               "title": "Summary (Month to Date)",
               "type": "View"
            },
            {
               "collapsed": false,
               "config": {
                  "additionalColumns": [],
                  "customFilter": {
                     "excludedResources": null,
                     "filter": [],
                     "includedResources": null
                  },
                  "depth": 1,
                  "filterMode": "tagPicker",
                  "mode": "all",
                  "refreshContent": {"refreshContent": false},
                  "refreshInterval": 300,
                  "relationshipMode": {"relationshipMode": -1},
                  "resource": [],
                  "selectFirstRow": {"selectFirstRow": true},
                  "selfProvider": {"selfProvider": true},
                  "tagFilter": {
                     "path": [
                        "/source/kind/kind:resourceKind:id:2_::_",
                        "/source/kind/kind:resourceKind:id:8_::_",
                        "/source/kind/kind:resourceKind:id:15_::_",
                        "/source/kind/kind:resourceKind:id:16_::_",
                        "/source/kind/kind:resourceKind:id:10_::_",
                        "/source/kind/kind:resourceKind:id:6_::_",
                        "/source/kind/kind:resourceKind:id:11_::_",
                        "/source/kind/kind:resourceKind:id:4_::_",
                        "/source/kind/kind:resourceKind:id:7_::_",
                        "/source/kind/kind:resourceKind:id:13_::_",
                        "/source/kind/kind:resourceKind:id:19_::_",
                        "/source/kind/kind:resourceKind:id:12_::_",
                        "/source/kind/kind:resourceKind:id:0_::_",
                        "/source/kind/kind:resourceKind:id:1_::_",
                        "/source/kind/kind:resourceKind:id:3_::_",
                        "/source/kind/kind:resourceKind:id:5_::_",
                        "/source/kind/kind:resourceKind:id:14_::_",
                        "/source/kind/kind:resourceKind:id:9_::_"
                     ],
                     "value": {
                        "adapterInstance": [],
                        "adapterKind": [],
                        "bus": [],
                        "collector": [],
                        "day": [],
                        "exclaim": false,
                        "healthRange": [],
                        "kind": [
                           "resourceKind:id:2_::_",
                           "resourceKind:id:8_::_",
                           "resourceKind:id:15_::_",
                           "resourceKind:id:16_::_",
                           "resourceKind:id:10_::_",
                           "resourceKind:id:6_::_",
                           "resourceKind:id:11_::_",
                           "resourceKind:id:4_::_",
                           "resourceKind:id:7_::_",
                           "resourceKind:id:13_::_",
                           "resourceKind:id:19_::_",
                           "resourceKind:id:12_::_",
                           "resourceKind:id:0_::_",
                           "resourceKind:id:1_::_",
                           "resourceKind:id:3_::_",
                           "resourceKind:id:5_::_",
                           "resourceKind:id:14_::_",
                           "resourceKind:id:9_::_"
                        ],
                        "maintenanceSchedule": [],
                        "state": [],
                        "status": [],
                        "tag": [],
                        "tier": []
                     }
                  },
                  "title": "Select a Group"
               },
               "gridsterCoords": {
                  "h": 13,
                  "w": 3,
                  "x": 1,
                  "y": 1
               },
               "height": 723,
               "id": "2f87e298-759d-4eda-8daf-13f4223b18cf",
               "states": [
                  {
                     "key": "perm_toolbarVisible_widget_2f8f4b00-8a38-4e47-8455-8bb3529b9179_2f87e298-759d-4eda-8daf-13f4223b18cf",
                     "value": "b%3A1"
                  },
                  {
                     "key": "permResGrid_widget_2f8f4b00-8a38-4e47-8455-8bb3529b9179_2f87e298-759d-4eda-8daf-13f4223b18cf",
                     "value": "o%3Acolumns%3Da%253Ao%25253Aid%25253Ds%2525253Ah1%25255Ehidden%25253Db%2525253A1%25255Ewidth%25253Dn%2525253A100%255Eo%25253Aid%25253Ds%2525253Ah2%25255Ewidth%25253Dn%2525253A243.33334350585938%255Eo%25253Aid%25253Ds%2525253Ah3%25255Ehidden%25253Db%2525253A1%25255Ewidth%25253Dn%2525253A100%255Eo%25253Aid%25253Ds%2525253Ah5%25255Ewidth%25253Dn%2525253A244%255Eo%25253Aid%25253Ds%2525253Ah4%25255Ehidden%25253Db%2525253A1%255Eo%25253Aid%25253Ds%2525253Ah6%25255Ehidden%25253Db%2525253A1%255Eo%25253Aid%25253Ds%2525253Ah7%25255Ehidden%25253Db%2525253A1%25255Ewidth%25253Dn%2525253A100%255Eo%25253Aid%25253Ds%2525253Ah8%25255Ehidden%25253Db%2525253A1%25255Ewidth%25253Dn%2525253A100%255Eo%25253Aid%25253Ds%2525253Ah9%25255Ehidden%25253Db%2525253A1%25255Ewidth%25253Dn%2525253A100%255Eo%25253Aid%25253Ds%2525253Ah10%25255Ehidden%25253Db%2525253A1%25255Ewidth%25253Dn%2525253A100%255Eo%25253Aid%25253Ds%2525253Ah11%25255Ehidden%25253Db%2525253A1%25255Ewidth%25253Dn%2525253A100%255Eo%25253Aid%25253Ds%2525253Ah12%25255Ehidden%25253Db%2525253A1%25255Ewidth%25253Dn%2525253A100%255Eo%25253Aid%25253Ds%2525253Ah13%25255Ehidden%25253Db%2525253A1%25255Ewidth%25253Dn%2525253A100%255Eo%25253Aid%25253Ds%2525253Ah14%25255Ehidden%25253Db%2525253A1%255Eo%25253Aid%25253Ds%2525253Ah15%25255Ehidden%25253Db%2525253A1%255Eo%25253Aid%25253Ds%2525253Ah16%25255Ehidden%25253Db%2525253A1%25255Ewidth%25253Dn%2525253A100%255Eo%25253Aid%25253Ds%2525253AresourceRating%25255Ehidden%25253Db%2525253A1%255Eo%25253Aid%25253Ds%2525253Ah18%25255Ehidden%25253Db%2525253A1%25255Ewidth%25253Dn%2525253A100%255Eo%25253Aid%25253Ds%2525253Ah19%25255Ehidden%25253Db%2525253A1%25255Ewidth%25253Dn%2525253A100%255Eo%25253Aid%25253Ds%2525253Ah20%25255Ehidden%25253Db%2525253A1%25255Ewidth%25253Dn%2525253A100%255Eo%25253Aid%25253Ds%2525253Ah21%25255Ehidden%25253Db%2525253A1%25255Ewidth%25253Dn%2525253A100%255Eo%25253Aid%25253Ds%2525253Ah22%25255Ehidden%25253Db%2525253A1%25255Ewidth%25253Dn%2525253A100%255Eo%25253Aid%25253Ds%2525253Ah23%25255Ehidden%25253Db%2525253A1%25255Ewidth%25253Dn%2525253A100%255Eo%25253Aid%25253Ds%2525253Ah24%25255Ehidden%25253Db%2525253A1%25255Ewidth%25253Dn%2525253A100%255Eo%25253Aid%25253Ds%2525253Ah25%25255Ehidden%25253Db%2525253A1%25255Ewidth%25253Dn%2525253A100%255Eo%25253Aid%25253Ds%2525253Ah26%25255Ehidden%25253Db%2525253A1%25255Ewidth%25253Dn%2525253A100%255Eo%25253Aid%25253Ds%2525253Ah27%25255Ehidden%25253Db%2525253A1%25255Ewidth%25253Dn%2525253A100%255Eo%25253Aid%25253Ds%2525253Ah28%25255Ehidden%25253Db%2525253A1%25255Ewidth%25253Dn%2525253A100%255Eo%25253Aid%25253Ds%2525253Ah29%25255Ehidden%25253Db%2525253A1%25255Ewidth%25253Dn%2525253A100%255Eo%25253Aid%25253Ds%2525253Ah30%25255Ehidden%25253Db%2525253A1%25255Ewidth%25253Dn%2525253A100%255Eo%25253Aid%25253Ds%2525253Ah31%25255Ehidden%25253Db%2525253A1%25255Ewidth%25253Dn%2525253A100%255Eo%25253Aid%25253Ds%2525253Ah32%25255Ehidden%25253Db%2525253A1%25255Ewidth%25253Dn%2525253A100%255Eo%25253Aid%25253Ds%2525253Ah33%25255Ehidden%25253Db%2525253A1%25255Ewidth%25253Dn%2525253A100%255Eo%25253Aid%25253Ds%2525253Ah34%25255Ehidden%25253Db%2525253A1%25255Ewidth%25253Dn%2525253A100%255Eo%25253Aid%25253Ds%2525253Ah35%25255Ehidden%25253Db%2525253A1%25255Ewidth%25253Dn%2525253A100%255Eo%25253Aid%25253Ds%2525253Ah36%25255Ehidden%25253Db%2525253A1%25255Ewidth%25253Dn%2525253A100%255Eo%25253Aid%25253Ds%2525253Ah37%25255Ehidden%25253Db%2525253A1%25255Ewidth%25253Dn%2525253A100%255Eo%25253Aid%25253Ds%2525253Ah38%25255Ehidden%25253Db%2525253A1%25255Ewidth%25253Dn%2525253A100%255Eo%25253Aid%25253Ds%2525253Ah39%25255Ehidden%25253Db%2525253A1%25255Ewidth%25253Dn%2525253A100%255Eo%25253Aid%25253Ds%2525253Ah40%25255Ehidden%25253Db%2525253A1%25255Ewidth%25253Dn%2525253A100%255Eo%25253Aid%25253Ds%2525253Ah41%25255Ehidden%25253Db%2525253A1%25255Ewidth%25253Dn%2525253A100%255Eo%25253Aid%25253Ds%2525253Ah42%25255Ehidden%25253Db%2525253A1%25255Ewidth%25253Dn%2525253A100%255Eo%25253Aid%25253Ds%2525253Ah43%25255Ehidden%25253Db%2525253A1%25255Ewidth%25253Dn%2525253A100%255Eo%25253Aid%25253Ds%2525253Ah44%25255Ehidden%25253Db%2525253A1%25255Ewidth%25253Dn%2525253A100%255Eo%25253Aid%25253Ds%2525253Ah45%25255Ehidden%25253Db%2525253A1%25255Ewidth%25253Dn%2525253A100%255Eo%25253Aid%25253Ds%2525253Ah46%25255Ehidden%25253Db%2525253A1%25255Ewidth%25253Dn%2525253A100%255Eo%25253Aid%25253Ds%2525253Ah47%25255Ehidden%25253Db%2525253A1%25255Ewidth%25253Dn%2525253A100%5EstoreState%3Do%253Asorters%253Da%25253Ao%2525253Aroot%2525253Ds%252525253Adata%2525255Eproperty%2525253Ds%252525253AresourceKind%2525255Edirection%2525253Ds%252525253ADESC%2525255Eid%2525253Ds%252525253AresourceKind"
                  }
               ],
               "title": "Select a Group",
               "type": "ResourceList"
            },
            {
               "collapsed": false,
               "config": {
                  "chartViewItems": [],
                  "isUpdatedView": true,
                  "refreshContent": {"refreshContent": false},
                  "refreshInterval": 300,
                  "resource": null,
                  "selectFirstRow": {"selectFirstRow": true},
                  "selfProvider": {"selfProvider": false},
                  "title": "Members of the Group (Select to View Trend)",
                  "traversalSpecId": "",
                  "viewDefinitionId": "05935e56-1ea9-42aa-bec4-1aa1b57e09dc"
               },
               "gridsterCoords": {
                  "h": 6,
                  "w": 6,
                  "x": 7,
                  "y": 1
               },
               "height": 324,
               "id": "d6e9a087-afb7-4d32-b146-eca8313dd4e3",
               "states": [{
                  "key": "perm_toolbarVisible_widget_2f8f4b00-8a38-4e47-8455-8bb3529b9179_d6e9a087-afb7-4d32-b146-eca8313dd4e3",
                  "value": "b%3A1"
               }],
               "title": "Members of the Group (Select to View Trend)",
               "type": "View"
            },
            {
               "collapsed": false,
               "config": {
                  "chartViewItems": ["legend"],
                  "isUpdatedView": true,
                  "refreshContent": {"refreshContent": false},
                  "refreshInterval": 300,
                  "resource": null,
                  "selectFirstRow": {"selectFirstRow": false},
                  "selfProvider": {"selfProvider": false},
                  "title": "Daily Cost and Daily Price",
                  "traversalSpecId": "",
                  "viewDefinitionId": "460c152d-0a0a-4469-b19a-0dae34bd0275"
               },
               "gridsterCoords": {
                  "h": 7,
                  "w": 9,
                  "x": 4,
                  "y": 7
               },
               "height": 381,
               "id": "776b9b3b-a76d-4f5e-ae20-abc8f1e2c617",
               "title": "Daily Cost and Daily Price",
               "type": "View"
            }
         ]
      }
   ],
   "entries": {"resourceKind": [
      {
         "adapterKindKey": "CASAdapter",
         "internalId": "resourceKind:id:4_::_",
         "resourceKindKey": "Project"
      },
      {
         "adapterKindKey": "VMWARE",
         "internalId": "resourceKind:id:2_::_",
         "resourceKindKey": "VMFolder"
      },
      {
         "adapterKindKey": "VMWARE",
         "internalId": "resourceKind:id:13_::_",
         "resourceKindKey": "Datacenter"
      },
      {
         "adapterKindKey": "CASAdapter",
         "internalId": "resourceKind:id:12_::_",
         "resourceKindKey": "Deployment"
      },
      {
         "adapterKindKey": "VMWARE",
         "internalId": "resourceKind:id:0_::_",
         "resourceKindKey": "ResourcePool"
      },
      {
         "adapterKindKey": "VMWARE",
         "internalId": "resourceKind:id:3_::_",
         "resourceKindKey": "vSphere World"
      },
      {
         "adapterKindKey": "Container",
         "internalId": "resourceKind:id:10_::_",
         "resourceKindKey": "Location"
      },
      {
         "adapterKindKey": "Container",
         "internalId": "resourceKind:id:15_::_",
         "resourceKindKey": "Environment"
      },
      {
         "adapterKindKey": "CASAdapter",
         "internalId": "resourceKind:id:6_::_",
         "resourceKindKey": "CloudZone"
      },
      {
         "adapterKindKey": "VMWARE",
         "internalId": "resourceKind:id:9_::_",
         "resourceKindKey": "Folder"
      },
      {
         "adapterKindKey": "Container",
         "internalId": "resourceKind:id:5_::_",
         "resourceKindKey": "BusinessService"
      },
      {
         "adapterKindKey": "VMWARE",
         "internalId": "resourceKind:id:18_::_",
         "resourceKindKey": "GuestCluster"
      },
      {
         "adapterKindKey": "VMWARE",
         "internalId": "resourceKind:id:1_::_",
         "resourceKindKey": "VMwareAdapter Instance"
      },
      {
         "adapterKindKey": "Container",
         "internalId": "resourceKind:id:16_::_",
         "resourceKindKey": "Function"
      },
      {
         "adapterKindKey": "VMWARE",
         "internalId": "resourceKind:id:17_::_",
         "resourceKindKey": "Namespace"
      },
      {
         "adapterKindKey": "VMWARE",
         "internalId": "resourceKind:id:7_::_",
         "resourceKindKey": "ClusterComputeResource"
      },
      {
         "adapterKindKey": "NETWORK_INSIGHT",
         "internalId": "resourceKind:id:14_::_",
         "resourceKindKey": "NETWORK_INSIGHT_APPLICATION"
      },
      {
         "adapterKindKey": "CASAdapter",
         "internalId": "resourceKind:id:11_::_",
         "resourceKindKey": "Organization"
      },
      {
         "adapterKindKey": "Container",
         "internalId": "resourceKind:id:8_::_",
         "resourceKindKey": "Department"
      },
      {
         "adapterKindKey": "VirtualAndPhysicalSANAdapter",
         "internalId": "resourceKind:id:19_::_",
         "resourceKindKey": "VirtualSANDatastore"
      }
   ]},
   "uuid": "749da6a3-4a1a-4e8b-af5d-f96deb7c43e5"
}